index,participant,session,rt
1,200,pink,0.663236399118502
4,201,pink,0.6262942463269129
7,202,pink,0.6589943374507129
10,203,pink,0.48056910662489827
13,204,pink,0.80633389466675
16,301,pink,0.5427630864864839
19,302,pink,0.6680802354841299
22,303,pink,0.6393144076916938
25,304,pink,0.5874685750027311
28,305,pink,0.5764009633329503
31,306,pink,0.5282367999996709
34,307,pink,0.5473913970593404
37,364109,pink,0.4644590461538463
